award,describe,evaluate,instruce,movie_name,serial_number,start
"第67届奥斯卡金像奖最佳影片(提名)妮基·马文,第19届日本电影学院奖最佳外语片,第20届报知映画赏海外作品奖弗兰克·德拉邦特",希望让人自由。,2088503人评价,1994/美国/犯罪剧情,肖申克的救赎,1,9.7
"第66届奥斯卡金像奖最佳外语片(提名),第46届戛纳电影节主竞赛单元金棕榈奖陈凯歌,第47届英国电影学院奖电影奖最佳非英语片陈凯歌徐枫",风华绝代。,1548785人评价,1993/中国大陆中国香港/剧情爱情同性,霸王别姬,2,9.6
"第67届奥斯卡金像奖最佳影片史蒂夫·蒂彻温迪·芬德曼史蒂夫·斯达克,第48届英国电影学院奖电影奖最佳影片(提名)温迪·芬德曼史蒂夫·斯达克史蒂夫·蒂彻罗伯特·泽米吉斯,第19届日本电影学院奖最佳外语片(提名)",一部美国近现代史。,1577453人评价,1994/美国/剧情爱情,阿甘正传,3,9.5
第19届日本电影学院奖最佳外语片(提名),怪蜀黍和小萝莉不得不说的故事。,1767404人评价,1994/法国美国/剧情动作犯罪,这个杀手不太冷,4,9.4
"第70届奥斯卡金像奖最佳影片詹姆斯·卡梅隆乔恩·兰道,第21届日本电影学院奖最佳外语片(提名),第26届动画安妮奖最佳动画技术成果",失去的才是永恒的。 ,1531033人评价,1997/美国/剧情爱情灾难,泰坦尼克号,5,9.4
"第71届奥斯卡金像奖最佳影片(提名)艾尔达·法瑞吉安路易吉·布拉斯基,第51届戛纳电影节主竞赛单元金棕榈奖(提名)罗伯托·贝尼尼,第23届日本电影学院奖最佳外语片(提名)",最美的谎言。,987578人评价,1997/意大利/剧情喜剧爱情战争,美丽人生,6,9.5
"第75届奥斯卡金像奖最佳动画长片宫崎骏,第52届柏林国际电影节金熊奖最佳影片宫崎骏,第21届香港电影金像奖最佳亚洲电影",最好的宫崎骏，最好的久石让。 ,1640417人评价,2001/日本/剧情动画奇幻,千与千寻,7,9.4
"第66届奥斯卡金像奖最佳影片杰拉尔德·R·莫伦布兰科·拉斯蒂格史蒂文·斯皮尔伯格,第47届英国电影学院奖电影奖最佳影片史蒂文·斯皮尔伯格杰拉尔德·R·莫伦布兰科·拉斯蒂格,第18届日本电影学院奖最佳外语片",拯救一个人，就是拯救整个世界。,803195人评价,1993/美国/剧情历史战争,辛德勒的名单,8,9.5
"第83届奥斯卡金像奖最佳影片(提名)艾玛·托马斯克里斯托弗·诺兰,第68届金球奖电影类最佳剧情片(提名),第34届日本电影学院奖最佳外语片(提名)",诺兰给了我们一场无法盗取的梦。,1505537人评价,2010/美国英国/剧情科幻悬疑冒险,盗梦空间,9,9.3
,永远都不能忘记你所爱的人。,1047940人评价,2009/美国英国/剧情,忠犬八公的故事,10,9.4
第57届金球奖电影类最佳原创配乐恩尼奥·莫里康内,每个人都要走一条自己坚定了的路，就算是粉身碎骨。 ,1255669人评价,1998/意大利/剧情音乐,海上钢琴师,11,9.3
"第71届奥斯卡金像奖最佳导演(提名)彼得·威尔,第71届奥斯卡金像奖最佳男配角(提名)艾德·哈里斯,第56届金球奖电影类最佳剧情片(提名)",如果再也不能见到你，祝你早安，午安，晚安。,1128622人评价,1998/美国/剧情科幻,楚门的世界,12,9.3
第37届日本电影学院奖最佳外语片(提名),英俊版憨豆，高情商版谢耳朵。,1397882人评价,2009/印度/剧情喜剧爱情歌舞,三傻大闹宝莱坞,13,9.2
"第81届奥斯卡金像奖最佳原创剧本(提名)彼特·道格特安德鲁·斯坦顿吉姆·里尔顿,第66届金球奖电影类最佳动画长片,第36届动画安妮奖最佳动画长片(提名)",小瓦力，大人生。,990439人评价,2008/美国/科幻动画冒险,机器人总动员,14,9.3
"第77届奥斯卡金像奖最佳外语片(提名)克里斯托夫·巴拉蒂,第62届金球奖电影类最佳外语片(提名),第58届英国电影学院奖电影奖最佳改编剧本(提名)菲利普·洛佩斯-屈瓦尔克里斯托夫·巴拉蒂",天籁一般的童声，是最接近上帝的存在。 ,972467人评价,2004/法国瑞士德国/剧情音乐,放牛班的春天,15,9.3
"第87届奥斯卡金像奖最佳视觉效果斯科特·R·费希尔伊恩·亨特保罗·J·富兰克林安德鲁·洛克利,第72届金球奖电影类最佳原创配乐(提名),第38届日本电影学院奖最佳外语片(提名)",爱是一种力量，让我们超越时空感知它的存在。,1129854人评价,2014/美国英国加拿大冰岛/剧情科幻冒险,星际穿越,16,9.3
"第15届香港电影金像奖最佳编剧(提名)刘镇伟,第15届香港电影金像奖最佳男主角(提名)周星驰",一生所爱。,1106632人评价,1995/中国香港中国大陆/喜剧爱情奇幻古装,大话西游之大圣娶亲,17,9.2
"第49届韩国电影大钟奖最佳影片(提名),第49届韩国电影大钟奖最佳女配角(提名)金贤秀",我们一路奋战不是为了改变世界，而是为了不让世界改变我们。,681857人评价,2011/韩国/剧情,熔炉,18,9.3
"第89届奥斯卡金像奖最佳动画长片拜伦·霍华德瑞奇·摩尔克拉克·斯宾塞,第74届金球奖电影类最佳动画长片,第70届英国电影学院奖电影奖最佳动画片(提名)拜伦·霍华德瑞奇·摩尔",迪士尼给我们营造的乌托邦就是这样，永远善良勇敢，永远出乎意料。,1327474人评价,2016/美国/喜剧动画冒险,疯狂动物城,19,9.2
"第40届台北金马影展金马奖最佳剧情片,第22届香港电影金像奖最佳电影,第10届华语电影传媒大奖新世纪十年十佳电影",香港电影史上永不过时的杰作。,902961人评价,2002/中国香港/剧情犯罪悬疑,无间道,20,9.2
第13届报知映画赏最佳导演宫崎骏,人人心中都有个龙猫，童年就永远不会消失。,934206人评价,1988/日本/动画奇幻冒险,龙猫,21,9.2
"第45届奥斯卡金像奖最佳影片艾伯特·S·拉迪,第45届奥斯卡金像奖最佳导演(提名)弗朗西斯·福特·科波拉,第45届奥斯卡金像奖最佳男主角马龙·白兰度",千万不要记恨你的对手，这样会让你失去理智。,682407人评价,1972/美国/剧情犯罪,教父,22,9.3
"第79届奥斯卡金像奖最佳男主角(提名)威尔·史密斯,第64届金球奖电影类剧情片最佳男主角(提名)威尔·史密斯,第16届MTV电影奖MTV电影奖最佳表演(提名)威尔·史密斯",平民励志片。 ,1121852人评价,2006/美国/剧情传记家庭,当幸福来敲门,23,9.1
第6届豆瓣电影年度榜单2010s电影(提名),真正的幸福是来自内心深处。,1304058人评价,2010/美国/剧情喜剧爱情,怦然心动,24,9.1
"第70届金球奖电影类最佳外语片(提名),第25届欧洲电影奖观众选择奖(提名)埃里克·托莱达诺奥利维埃·纳卡什,第36届日本电影学院奖最佳外语片",满满温情的高雅喜剧。,728909人评价,2011/法国/剧情喜剧,触不可及,25,9.2
"第30届奥斯卡金像奖最佳影片(提名)小阿瑟·霍恩布洛,第30届奥斯卡金像奖最佳导演(提名)比利·怀德,第15届金球奖电影类最佳剧情片(提名)",比利·怀德满分作品。,297513人评价,1957/美国/剧情犯罪悬疑,控方证人,26,9.6
"第81届奥斯卡金像奖最佳男配角希斯·莱杰,第66届金球奖电影类最佳男配角希斯·莱杰,第32届日本电影学院奖最佳外语片",无尽的黑暗。,752857人评价,2008/美国英国/剧情动作科幻犯罪惊悚,蝙蝠侠：黑暗骑士,27,9.2
"第47届戛纳电影节主竞赛单元金棕榈奖(提名)张艺谋,第47届戛纳电影节主竞赛单元评审团大奖张艺谋,第48届英国电影学院奖电影奖最佳非英语片邱复生张艺谋",张艺谋最好的电影。,585684人评价,1994/中国大陆中国香港/剧情历史家庭,活着,28,9.2
"第60届奥斯卡金像奖最佳影片杰瑞米·托马斯,第12届日本电影学院奖最佳外语片,第7届中国电影金鸡奖最佳道具(提名)",“不要跟我比惨，我比你更惨”再适合这部电影不过了。,536474人评价,1987/英国意大利中国大陆法国/剧情传记历史,末代皇帝,29,9.3
"第90届奥斯卡金像奖最佳动画长片达拉·K·安德森李·昂克里奇,第75届金球奖电影类最佳动画长片,第71届英国电影学院奖电影奖最佳动画片",死亡不是真的逝去，遗忘才是永恒的消亡。,1112561人评价,2017/美国/喜剧动画奇幻音乐,寻梦环游记,30,9.1
"第12届奥斯卡金像奖最佳影片,第12届奥斯卡金像奖最佳导演维克多·弗莱明,第12届奥斯卡金像奖最佳男主角(提名)克拉克·盖博",Tomorrow is another day.,502033人评价,1939/美国/剧情历史爱情战争,乱世佳人,31,9.3
"第6届豆瓣电影年度榜单2010s电影(提名),第4届豆瓣电影年度榜单评分最高的外语电影,第4届豆瓣电影年度榜单最受关注的院线电影(提名)",你不是在为你一个人战斗，你要让千千万万的女性看到女生并不是只能相夫教子。,1146932人评价,2016/印度/剧情传记运动家庭,摔跤吧！爸爸,32,9.0
"第91届奥斯卡金像奖最佳外语片(提名)娜丁·拉巴基,第71届戛纳电影节主竞赛单元金棕榈奖(提名)娜丁·拉巴基,第76届金球奖电影类最佳外语片(提名)",凝视卑弱生命，用电影改变命运。,685144人评价,2018/黎巴嫩法国美国/剧情,何以为家,33,9.1
"第76届奥斯卡金像奖最佳影片巴里·M·奥斯本弗兰·威尔士彼得·杰克逊,第61届金球奖电影类最佳剧情片,第57届英国电影学院奖电影奖最佳影片巴里·M·奥斯本彼得·杰克逊弗兰·威尔士",史诗的终章。,553869人评价,2003/美国新西兰/剧情动作奇幻冒险,指环王3：王者无敌,34,9.2
"第85届奥斯卡金像奖最佳影片(提名)吉尔·内特李安戴维·沃马克,第70届金球奖电影类最佳剧情片(提名),第57届意大利大卫奖最佳外语片(提名)李安",瑰丽壮观、无人能及的冒险之旅。,1046056人评价,2012/美国中国台湾英国加拿大/剧情奇幻冒险,少年派的奇幻漂流,35,9.1
"第82届奥斯卡金像奖最佳影片(提名)乔纳斯·里维拉,第66届威尼斯电影节未来电影数字奖-特别提及彼特·道格特,第67届金球奖电影类最佳动画长片",最后那些最无聊的事情，才是最值得怀念的。 ,979792人评价,2009/美国/剧情喜剧动画冒险,飞屋环游记,36,9.0
"第30届奥斯卡金像奖最佳影片(提名)雷金纳德·罗斯亨利·方达,第7届柏林国际电影节金熊奖最佳影片西德尼·吕美特,第15届金球奖电影类最佳剧情片(提名)",1957年的理想主义。 ,334163人评价,1957/美国/剧情,十二怒汉,37,9.4
"第54届戛纳电影节法国文化奖-年度外国电影人姜文,第53届戛纳电影节主竞赛单元金棕榈奖(提名)姜文,第53届戛纳电影节主竞赛单元评审团大奖姜文",对敌人的仁慈，就是对自己残忍。,450995人评价,2000/中国大陆/剧情喜剧,鬼子来了,38,9.2
"第34届韩国电影青龙奖最佳影片,第50届百想艺术大赏电影类最佳影片(提名)李濬益,第51届韩国电影大钟奖最佳影片(提名)",受过伤害的人总是笑得最开心，因为他们不愿意让身边的人承受一样的痛苦。,458246人评价,2013/韩国/剧情,素媛,39,9.2
,对天空的追逐，永不停止。 ,621323人评价,1986/日本/动画奇幻冒险,天空之城,40,9.1
"第78届奥斯卡金像奖最佳动画长片(提名)宫崎骏,第61届威尼斯电影节主竞赛单元金狮奖(提名)宫崎骏,第25届香港电影金像奖最佳亚洲电影(提名)",带着心爱的人在天空飞翔。,716856人评价,2004/日本/动画奇幻冒险,哈尔的移动城堡,41,9.1
第15届香港电影金像奖最佳编剧(提名)刘镇伟,旷古烁今。,885257人评价,1995/中国香港中国大陆/喜剧爱情奇幻古装,大话西游之月光宝盒,42,9.0
"第62届奥斯卡金像奖最佳外语片,第42届戛纳电影节主竞赛单元金棕榈奖(提名)朱塞佩·托纳多雷,第14届日本电影学院奖最佳外语片(提名)",那些吻戏，那些青春，都在影院的黑暗里被泪水冲刷得无比清晰。,483005人评价,1988/意大利法国/剧情爱情,天堂电影院,43,9.2
"第74届奥斯卡金像奖最佳艺术指导(提名)斯蒂芬妮·麦克米兰斯图尔特·克莱格,第25届日本电影学院奖最佳外语片(提名),第12届美国电影学会奖特别表彰",童话世界的开端。,690450人评价,2001/美国英国/奇幻冒险,哈利·波特与魔法石,44,9.0
"第26届奥斯卡金像奖最佳影片(提名)威廉·惠勒,第14届威尼斯电影节主竞赛单元金狮奖(提名)威廉·惠勒,第11届金球奖电影类剧情片最佳女主角奥黛丽·赫本",爱情哪怕只有一天。,717091人评价,1953/美国/喜剧剧情爱情,罗马假日,45,9.0
"第65届奥斯卡金像奖最佳影片(提名)马丁·布莱斯特,第65届奥斯卡金像奖最佳导演(提名)马丁·布莱斯特,第47届英国电影学院奖电影奖最佳改编剧本(提名)博·古德曼",史上最美的探戈。,624616人评价,1992/美国/剧情,闻香识女人,46,9.1
"第35届韩国电影青龙奖最佳影片,第8届亚洲电影大奖最佳男主角(提名)宋康昊,第50届百想艺术大赏电影类大赏宋康昊",电影的现实意义大过电影本身。,448379人评价,2013/韩国/剧情,辩护人,47,9.2
"第55届台北金马影展金马奖最佳剧情片(提名),第38届香港电影金像奖最佳两岸华语电影文牧野,第32届中国电影金鸡奖最佳故事片(提名)",对我们国家而言，这样的电影多一部是一部。,1532301人评价,2018/中国大陆/剧情喜剧,我不是药神,48,9.0
第72届奥斯卡金像奖最佳音效剪辑(提名)伦·克斯理查德·姆尼斯,邪恶与平庸蛰伏于同一个母体，在特定的时间互相对峙。,642186人评价,1999/美国德国/剧情动作悬疑惊悚,搏击俱乐部,49,9.0
"第62届奥斯卡金像奖最佳影片(提名)保罗·乔恩格·威特托尼·托马斯史蒂文·哈夫特,第62届奥斯卡金像奖最佳导演(提名)彼得·威尔,第62届奥斯卡金像奖最佳男主角(提名)罗宾·威廉姆斯",当一个死水般的体制内出现一个活跃的变数时，所有的腐臭都站在了光明的对面。,509357人评价,1989/美国/剧情,死亡诗社,50,9.1
"第47届奥斯卡金像奖最佳影片弗雷德·鲁斯弗朗西斯·福特·科波拉加里·弗雷德里克森,第47届奥斯卡金像奖最佳导演弗朗西斯·福特·科波拉,第47届奥斯卡金像奖最佳男主角(提名)阿尔·帕西诺",优雅的孤独。,378135人评价,1974/美国/剧情犯罪,教父2,51,9.2
"第67届奥斯卡金像奖最佳原创配乐汉斯·季默,第48届英国电影学院奖电影奖最佳原创音乐(提名)汉斯·季默,第22届动画安妮奖最佳动画长片",动物版《哈姆雷特》。,589826人评价,1994/美国/动画冒险歌舞,狮子王,52,9.0
"第75届奥斯卡金像奖最佳影片(提名)巴里·M·奥斯本彼得·杰克逊弗兰·威尔士,第60届金球奖电影类最佳剧情片(提名),第56届英国电影学院奖电影奖最佳影片(提名)巴里·M·奥斯本彼得·杰克逊弗兰·威尔士",承前启后的史诗篇章。,504989人评价,2002/美国新西兰/剧情动作奇幻冒险,指环王2：双塔奇兵,53,9.1
,经典之作，历久弥新。,283915人评价,1961(中国大陆)/1964(中国大陆)/1978(中国大陆)/2004(中国大陆)/中国大陆/动画奇幻,大闹天宫,54,9.3
"第75届奥斯卡金像奖最佳男配角(提名)克里斯托弗·沃肯,第60届金球奖电影类剧情片最佳男主角(提名)莱昂纳多·迪卡普里奥,第56届英国电影学院奖电影奖最佳男配角克里斯托弗·沃肯",骗子大师和执著警探的你追我跑故事。 ,593349人评价,2002/美国加拿大/传记犯罪剧情,猫鼠游戏,55,9.0
"第79届奥斯卡金像奖最佳外语片弗洛里安·亨克尔·冯·多纳斯马尔克,第64届金球奖电影类最佳外语片(提名),第61届英国电影学院奖电影奖最佳影片(提名)奎林·柏格马克斯·威德曼",别样人生。,418505人评价,2006/德国/剧情悬疑,窃听风暴,56,9.1
"第74届奥斯卡金像奖最佳影片(提名)巴里·M·奥斯本彼得·杰克逊弗兰·威尔士,第59届金球奖电影类最佳剧情片(提名),第26届日本电影学院奖最佳外语片(提名)",传说的开始。,568249人评价,2001/新西兰美国/剧情动作奇幻冒险,指环王1：魔戒再现,57,9.0
"第75届奥斯卡金像奖最佳影片(提名)罗曼·波兰斯基罗伯特·本穆萨阿兰·萨德,第55届戛纳电影节主竞赛单元金棕榈奖罗曼·波兰斯基,第60届金球奖电影类最佳剧情片(提名)",音乐能化解仇恨。,381201人评价,2002/法国德国英国波兰/剧情传记历史战争音乐,钢琴家,58,9.2
"第74届奥斯卡金像奖最佳影片朗·霍华德布莱恩·格雷泽,第59届金球奖电影类最佳剧情片,第2届美国电影学会奖年度佳片",爱是一切逻辑和原由。,552933人评价,2001/美国/传记剧情,美丽心灵,59,9.0
"第11届东京国际电影节主竞赛单元最佳影片(提名)盖·里奇,第11届东京国际电影节主竞赛单元最佳导演盖·里奇",4个臭皮匠顶个诸葛亮，盖·里奇果然不是盖的。,447460人评价,1998/英国/剧情喜剧犯罪,两杆大烟枪,60,9.1
"第72届奥斯卡金像奖最佳剪辑扎克·斯伯格,第53届英国电影学院奖电影奖最佳摄影(提名)比尔·波普,第23届日本电影学院奖最佳外语片(提名)",视觉革命。,571111人评价,1999/美国澳大利亚/动作科幻,黑客帝国,61,9.0
"第67届奥斯卡金像奖最佳外语片(提名),第31届台北金马影展金马奖最佳剧情片(提名),第48届英国电影学院奖电影奖最佳非英语片(提名)徐立功李安",人生不能像做菜，把所有的料都准备好了才下锅。,415579人评价,1994/中国台湾美国/剧情家庭,饮食男女,62,9.1
"第48届奥斯卡金像奖最佳影片索尔·扎恩兹迈克尔·道格拉斯,第48届奥斯卡金像奖最佳导演米洛斯·福尔曼,第48届奥斯卡金像奖最佳男主角杰克·尼科尔森",自由万岁。,437436人评价,1975/美国/剧情,飞越疯人院,63,9.1
"第81届奥斯卡金像奖最佳影片(提名)切安·查芬凯瑟琳·肯尼迪弗兰克·马歇尔,第66届金球奖电影类最佳剧情片(提名),第18届MTV电影奖MTV电影奖最佳女演员(提名)塔拉吉·P·汉森",在时间之河里感受溺水之苦。,721459人评价,2008/美国/剧情爱情奇幻,本杰明·巴顿奇事,64,8.9
,一张面具背后的理想与革命。,771894人评价,2005/美国英国德国/剧情动作科幻惊悚,V字仇杀队,65,8.9
"第48届台北金马影展金马奖最佳剧情片(提名),第31届香港电影金像奖最佳电影(提名),第6届亚洲电影大奖最高票房亚洲电影大奖",你给我翻译翻译，神马叫做TMD的惊喜。,1176875人评价,2010/中国大陆中国香港/剧情喜剧动作西部,让子弹飞,66,8.8
"第4届豆瓣电影年度榜单评分最高的外语电影(提名),第4届豆瓣电影年度榜单最受关注的院线电影(提名),第4届豆瓣电影年度榜单评分最高的欧洲电影",你以为你以为的就是你以为的。,855298人评价,2016/西班牙/剧情犯罪悬疑惊悚,看不见的客人,67,8.8
"第91届奥斯卡金像奖最佳影片查尔斯·B·韦斯勒吉姆·伯克尼克·瓦莱隆加彼得·法雷里布莱恩·库瑞,第76届金球奖电影类最佳音乐喜剧片,第72届英国电影学院奖电影奖最佳影片(提名)",去除成见，需要勇气。,1112326人评价,2018/美国/剧情喜剧传记,绿皮书,68,8.9
"第73届奥斯卡金像奖最佳摄影(提名)拉乔斯·科泰,第51届柏林国际电影节金熊奖最佳影片(提名)朱塞佩·托纳多雷,第58届金球奖电影类最佳外语片(提名)",美丽无罪。,711896人评价,2000/意大利美国/剧情战争情色,西西里的美丽传说,69,8.9
第71届奥斯卡金像奖最佳外语片(提名),奔跑的孩子是天使。,292520人评价,1997/伊朗/剧情儿童家庭,小鞋子,70,9.2
"第71届奥斯卡金像奖最佳影片(提名)马克·戈登史蒂文·斯皮尔伯格伊安·布莱斯加里·莱温索恩,第56届金球奖电影类最佳剧情片,第22届日本电影学院奖最佳外语片(提名)",美利坚精神输出大片No1.,467790人评价,1998/美国/剧情历史战争,拯救大兵瑞恩,71,9.0
"第82届奥斯卡金像奖最佳纪录长片费舍·史蒂芬斯,第8届华盛顿影评人协会奖最佳纪录片(提名),第14届圣地亚哥影评人协会奖最佳纪录片",海豚的微笑，是世界上最高明的伪装。,289109人评价,2009/美国/纪录片,海豚湾,72,9.3
第3届豆瓣电影年度榜单年度冷门佳片,如果生活中有什么使你感到快乐，那就去做吧！不要管别人说什么。,289780人评价,2015/德国瑞士南非/剧情冒险家庭,海蒂和爷爷,73,9.2
"第19届日本电影学院奖话题奖最具话题演员奖丰川悦司,第19届日本电影学院奖最佳影片(提名),第20届报知映画赏最佳导演岩井俊二",暗恋的极致。,661918人评价,1995/日本/剧情爱情,情书,74,8.9
第23届西班牙戈雅奖最佳欧洲电影(提名)马克·赫尔曼,尽管有些不切实际的幻想，这部电影依旧是一部感人肺腑的佳作。,362553人评价,2008/英国美国/剧情战争,穿条纹睡衣的男孩,75,9.1
"第38届奥斯卡金像奖最佳影片罗伯特·怀斯,第38届奥斯卡金像奖最佳导演罗伯特·怀斯,第38届奥斯卡金像奖最佳女主角(提名)朱莉·安德鲁斯",用音乐化解仇恨，让歌声串起美好。,435831人评价,1965/美国/剧情传记爱情歌舞,音乐之声,76,9.0
,往事如烟，无处祭奠。,306271人评价,1984/美国意大利/犯罪剧情,美国往事,77,9.2
"第79届奥斯卡金像奖最佳摄影(提名)沃利·菲斯特,第79届奥斯卡金像奖最佳艺术指导(提名)内森·克劳利朱莉·欧契萍妮",孪生蝙蝠侠大战克隆金刚狼。,619400人评价,2006/英国美国/剧情悬疑惊悚,致命魔术,78,8.9
"第67届奥斯卡金像奖最佳影片(提名)劳伦斯·班德,第47届戛纳电影节主竞赛单元金棕榈奖昆汀·塔伦蒂诺,第48届英国电影学院奖电影奖最佳影片(提名)劳伦斯·班德",故事的高级讲法。,609583人评价,1994/美国/剧情喜剧犯罪,低俗小说,79,8.8
"第68届奥斯卡金像奖最佳剪辑(提名)理查德·弗朗西斯-布鲁斯,第49届英国电影学院奖电影奖最佳原创剧本(提名)安德鲁·凯文·沃克,第20届日本电影学院奖最佳外语片(提名)",警察抓小偷，老鼠玩死猫。,714414人评价,1995/美国/剧情犯罪悬疑惊悚,七宗罪,80,8.8
"第64届奥斯卡金像奖最佳影片肯尼思·厄特爱德华·萨克森罗纳德·M·博兹曼,第41届柏林国际电影节金熊奖最佳影片(提名)乔纳森·戴米,第15届日本电影学院奖最佳外语片(提名)",安东尼·霍普金斯的顶级表演。,615643人评价,1991/美国/剧情犯罪惊悚,沉默的羔羊,81,8.8
,人的命运被自己瞬间的抉择改变。,679897人评价,2004/美国加拿大/剧情悬疑科幻惊悚,蝴蝶效应,82,8.8
"第15届圣地亚哥影评人协会奖最佳改编剧本(提名)莱塔·卡罗格里迪斯,第23届芝加哥影评人协会奖最佳摄影(提名)罗伯特·理查森,第10届凤凰城影评人协会奖最佳剪辑(提名)塞尔玛·斯昆梅克",昔日翩翩少年，今日大腹便便。,683964人评价,2010/美国/剧情悬疑惊悚,禁闭岛,83,8.8
"第70届奥斯卡金像奖最佳影片(提名)劳伦斯·班德,第48届柏林国际电影节金熊奖(提名)格斯·范·桑特,第22届日本电影学院奖最佳外语片(提名)",人生中应该拥有这样的一段豁然开朗。,511341人评价,1997/美国/剧情,心灵捕手,84,8.9
"第50届戛纳电影节主竞赛单元金棕榈奖(提名)王家卫,第34届台北金马影展金马奖最佳导演(提名)王家卫,第17届香港电影金像奖最佳电影(提名)王家卫",爱情纠缠，男女一致。,459213人评价,1997/中国香港日本韩国/剧情爱情同性,春光乍泄,85,8.9
"第87届奥斯卡金像奖最佳影片(提名)韦斯·安德森杰瑞米·道森史蒂文·M·拉尔斯斯科特·鲁丁,第64届柏林国际电影节金熊奖最佳影片(提名)韦斯·安德森,第72届金球奖电影类最佳音乐喜剧片",小清新的故事里注入了大历史的情怀。,645173人评价,2014/美国德国英国/剧情喜剧冒险,布达佩斯大饭店,86,8.8
"第30届日本电影学院奖最佳导演(提名)中岛哲也,第1届亚洲电影大奖最佳女主角中谷美纪,第31届报知映画赏最佳女主角中谷美纪",以戏谑来戏谑戏谑。,547210人评价,2006/日本/剧情歌舞,被嫌弃的松子的一生,87,8.9
"第82届奥斯卡金像奖最佳影片(提名)詹姆斯·卡梅隆乔恩·兰道,第67届威尼斯电影节3-D电影奖年度最具创意立体电影詹姆斯·卡梅隆,第67届金球奖电影类最佳剧情片",绝对意义上的美轮美奂。,969894人评价,2009/美国英国/动作科幻冒险,阿凡达,88,8.7
,大时代中的人生，小人物的悲喜。,203797人评价,1936/美国/剧情喜剧爱情,摩登时代,89,9.3
第63届奥斯卡金像奖最佳化妆(提名)斯坦·温斯顿维·尼尔,浪漫忧郁的成人童话。,819568人评价,1990/美国/剧情奇幻爱情,剪刀手爱德华,90,8.7
"第68届奥斯卡金像奖最佳影片艾伦·拉德二世梅尔·吉布森BruceDavey,第68届奥斯卡金像奖最佳导演梅尔·吉布森,第49届英国电影学院奖电影奖最佳导演(提名)梅尔·吉布森",史诗大片的典范。,450790人评价,1995/美国/动作传记剧情历史战争,勇敢的心,91,8.9
第19届香港电影金像奖最佳新演员(提名)张柏芝,我是一个演员。,686103人评价,1999/中国香港/喜剧剧情爱情,喜剧之王,92,8.7
"第74届奥斯卡金像奖最佳原创剧本(提名)让-皮埃尔·热内纪尧姆·洛朗,第74届奥斯卡金像奖最佳外语片(提名),第59届金球奖电影类最佳外语片(提名)",法式小清新。 ,781457人评价,2001/法国德国/喜剧爱情,天使爱美丽,93,8.7
,最不可能的那个人永远是最可能的。,576183人评价,2003/美国/剧情悬疑惊悚,致命ID,94,8.8
"第76届奥斯卡金像奖最佳男主角(提名)约翰尼·德普,第61届金球奖电影类音乐喜剧片最佳男主角(提名)约翰尼·德普,第57届英国电影学院奖电影奖最佳男主角(提名)约翰尼·德普",约翰尼·德普的独角戏。,645286人评价,2003/美国/动作冒险奇幻,加勒比海盗,95,8.8
"第84届奥斯卡金像奖最佳视觉效果(提名)约翰·理查森格雷格·巴特勒大卫·维克里蒂姆·伯克,第21届MTV电影奖MTV电影奖年度电影(提名),第17届美国评论家选择电影奖最佳美术指导(提名)斯蒂芬妮·麦克米兰斯图尔特·克莱格",10年的完美句点。,547026人评价,2011/美国英国/奇幻冒险,哈利·波特与死亡圣器(下),96,8.8
"第78届奥斯卡金像奖最佳影片(提名)詹姆斯·夏慕斯黛安娜·奥撒纳,第62届威尼斯电影节主竞赛单元金狮奖李安,第63届金球奖电影类最佳剧情片",每个人心中都有一座断背山。,544492人评价,2005/美国加拿大/剧情爱情同性家庭,断背山,97,8.8
"第16届东京国际电影节亚洲之风最佳亚洲电影奉俊昊,第51届圣塞巴斯蒂安国际电影节金贝壳奖(提名)奉俊昊,第51届圣塞巴斯蒂安国际电影节最佳导演银贝壳奖奉俊昊",关于连环杀人悬案的集体回忆。,478827人评价,2003/韩国/剧情动作犯罪悬疑惊悚,杀人回忆,98,8.8
"第86届奥斯卡金像奖最佳外语片(提名)托马斯·温特伯格,第65届戛纳电影节主竞赛单元金棕榈奖(提名)托马斯·温特伯格,第71届金球奖电影类最佳外语片(提名)",人言可畏。,260423人评价,2012/丹麦瑞典/剧情,狩猎,99,9.1
"第90届奥斯卡金像奖最佳影片(提名)艾米莉·乔治斯马可·莫拉比托卢卡·瓜达尼诺彼得·斯皮尔斯,第67届柏林国际电影节泰迪熊奖最佳电影(提名)卢卡·瓜达尼诺,第75届金球奖电影类最佳剧情片(提名)",沉醉在电影的情感和视听氛围中无法自拔。,466315人评价,2017/意大利法国巴西美国荷兰德国/剧情爱情同性,请以你的名字呼唤我,100,8.9
"第21届日本电影学院奖协会特别奖米良美一,第28届动画安妮奖最佳导演(提名)宫崎骏,第22届报知映画赏特别奖宫崎骏",人与自然的战争史诗。,400355人评价,1997/日本/动画奇幻冒险,幽灵公主,101,8.9
"第51届威尼斯电影节金狮奖(提名)姜文,第33届台北金马影展金马奖最佳剧情片纪宝许安进郭友亮,第8届新加坡国际电影节银屏奖最佳男演员夏雨",一场华丽的意淫。,461475人评价,1994/中国大陆中国香港/剧情爱情,阳光灿烂的日子,102,8.8
"第2届豆瓣电影年度榜单最受关注的非院线电影(提名),第2届豆瓣电影年度榜单评分最高的日本电影,第6届豆瓣电影鑫像奖鑫豆单元最佳日本电影(提名)",那些静得只能听见呼吸的日子里，你明白孤独即生活。,306598人评价,2014/日本/剧情,小森林 夏秋篇,103,9.0
"第34届韩国电影青龙奖最佳男主角(提名)柳承龙,第49届百想艺术大赏电影类最佳影片(提名),第50届韩国电影大钟奖最佳影片(提名)",《我是山姆》的《美丽人生》。,379289人评价,2013/韩国/剧情喜剧家庭,7号房的礼物,104,8.9
"第31届台北金马影展金马奖最佳剧情片(提名),第14届香港电影金像奖最佳电影,第48届洛迦诺国际电影节金豹奖(提名)王家卫",寂寞没有期限。,581992人评价,1994/中国香港/剧情爱情,重庆森林,105,8.7
"第72届奥斯卡金像奖最佳影片(提名)凯瑟琳·肯尼迪巴里·门德尔弗兰克·马歇尔,第56届戛纳电影节DVDDesignAward,第57届金球奖电影类最佳男配角(提名)海利·乔·奥斯蒙",深入内心的恐怖，出人意料的结局。,397533人评价,1999/美国/剧情悬疑惊悚,第六感,106,8.9
"第81届奥斯卡金像奖最佳外语片泷田洋二郎,第29届香港电影金像奖最佳亚洲电影,第32届日本电影学院奖最佳影片",死可能是一道门，逝去并不是终结，而是超越，走向下一程。,453927人评价,2008/日本/剧情,入殓师,107,8.8
第63届威尼斯电影节主竞赛单元金狮奖(提名)今敏,梦的勾结。,284807人评价,2006/日本/动画悬疑科幻惊悚,红辣椒,108,9.0
"第2届豆瓣电影年度榜单评分最高的日本电影(提名),第6届豆瓣电影鑫像奖鑫豆单元最佳日本电影",尊敬他人，尊敬你生活的这片土地，明白孤独是人生的常态。,270927人评价,2015/日本/剧情,小森林 冬春篇,109,9.0
"第87届奥斯卡金像奖最佳女主角(提名)裴淳华,第72届金球奖电影类最佳导演(提名)大卫·芬奇,第35届金酸莓奖最佳赎莓奖本·阿弗莱克",年度最佳date movie。,654210人评价,2014/美国/剧情犯罪悬疑惊悚,消失的爱人,110,8.7
"第45届柏林国际电影节金熊奖最佳影片(提名)理查德·林克莱特,第45届柏林国际电影节银熊奖最佳导演理查德·林克莱特",缘分是个连绵词，最美不过一瞬。,435240人评价,1995/美国奥地利瑞士/剧情爱情,爱在黎明破晓前,111,8.8
"第53届戛纳电影节主竞赛单元金棕榈奖(提名)杨德昌,第21届香港电影金像奖最佳亚洲电影(提名),第10届华语电影传媒大奖新世纪十年十佳电影",我们都曾经是一一。,258665人评价,2000/中国台湾日本/剧情爱情家庭,一一,112,9.0
,少女情怀总是诗。,334917人评价,1995/日本/剧情爱情动画,侧耳倾听,113,8.9
,华太师是黄霑，吴镇宇四大才子之一。,744756人评价,1993/中国香港/喜剧爱情古装,唐伯虎点秋香,114,8.6
"第24届东京国际电影节主竞赛单元最佳影片(提名)托尼·凯耶,第24届东京国际电影节主竞赛单元最佳艺术贡献奖托尼·凯耶,第3届豆瓣电影鑫像奖鑫豆单元最佳影片(外语)(提名)",穷尽一生，我们要学会的，不过是彼此拥抱。,340148人评价,2011/美国/剧情,超脱,115,8.9
"第24届台北金马影展金马奖最佳剧情片(提名),第24届台北金马影展金马奖最佳男配角午马,第7届香港电影金像奖最佳电影(提名)徐克",两张绝世的脸。 ,527209人评价,1987/中国香港/爱情奇幻武侠古装,倩女幽魂,116,8.7
"第36届日本电影学院奖最佳外语片(提名),第22届MTV电影奖MTV电影奖年度电影(提名),第19届美国演员工会奖电影最佳特技群戏(提名)乔恩·博瑞尔罗伊·T·安德森DanBrown瑞克·艾弗里TonyAlameda",诺兰就是保证。,519722人评价,2012/美国英国/剧情动作科幻犯罪惊悚,蝙蝠侠：黑暗骑士崛起,117,8.8
,你是我最好的朋友，你是我唯一的朋友 。,336809人评价,2009/澳大利亚/剧情喜剧动画,玛丽和马克思,118,8.9
"第30届香港电影金像奖最佳亚洲电影,第34届日本电影学院奖最佳影片,第5届亚洲电影大奖我最喜爱的男女主角我最喜爱的女主角(提名)松隆子",没有一人完全善，也没有一人完全恶。,543416人评价,2010/日本/剧情惊悚,告白,119,8.7
"第34届台北金马影展金马奖最佳剧情片,第34届台北金马影展金马奖最佳女主角张曼玉,第16届香港电影金像奖最佳电影陈可辛",相逢只要一瞬间，等待却像是一辈子。,380108人评价,1996/中国香港/剧情爱情,甜蜜蜜,120,8.8
"第57届戛纳电影节主竞赛单元金棕榈奖(提名)是枝裕和,第28届日本电影学院奖最佳女配角(提名)江原由希子,第29届报知映画赏最佳影片是枝裕和",我的平常生活就是他人的幸福。,200602人评价,2004/日本/剧情,无人知晓,121,9.1
"第76届奥斯卡金像奖最佳原创配乐(提名)丹尼·艾夫曼,第61届金球奖电影类最佳音乐喜剧片(提名),第57届英国电影学院奖电影奖最佳影片(提名)理查德·D·扎努克丹·金克斯布鲁斯·科恩",抱着梦想而活着的人是幸福的，怀抱梦想而死去的人是不朽的。,428462人评价,2003/美国/剧情家庭奇幻冒险,大鱼,122,8.8
"第48届韩国电影大钟奖最佳影片(提名),第48届韩国电影大钟奖最佳导演姜炯哲,第2届豆瓣电影鑫像奖鑫豆单元最佳影片(外语)(提名)",再多各自牛逼的时光，也比不上一起傻逼的岁月。 ,464012人评价,2011/韩国/剧情喜剧,阳光姐妹淘,123,8.8
,触不到的恋人。,362875人评价,2011/日本/剧情爱情动画奇幻,萤火之森,124,8.9
"第87届奥斯卡金像奖最佳动画长片唐·霍尔克里斯·威廉姆斯洛伊·康利,第72届金球奖电影类最佳动画长片(提名),第42届动画安妮奖最佳动画长片(提名)",Balalala~~~,722300人评价,2014/美国/喜剧动作科幻动画冒险,超能陆战队,125,8.7
"第83届奥斯卡金像奖最佳动画长片(提名)克里斯·桑德斯迪恩·德布洛斯,第67届威尼斯电影节3-D电影奖年度最具创意立体电影克里斯·桑德斯,第68届金球奖电影类最佳动画长片(提名)",和谐的生活离不开摸头与被摸头。,557349人评价,2010/美国/动画奇幻冒险,驯龙高手,126,8.7
,百看不厌。 ,477308人评价,1993/中国香港/喜剧奇幻武侠古装,射雕英雄传之东成西就,127,8.7
"第34届日本电影学院奖最佳动画片,第25届芝加哥影评人协会奖最佳动画片(提名)",曾经的那段美好会沉淀为一辈子的记忆。,395087人评价,2010/日本/动画奇幻冒险,借东西的小人阿莉埃蒂,128,8.8
,有时候幸福需要等一等。 ,395848人评价,2004/美国/喜剧剧情爱情,幸福终点站,129,8.8
"第52届戛纳电影节主竞赛单元金棕榈奖(提名)北野武,第23届日本电影学院奖最佳影片(提名),第23届日本电影学院奖最佳女配角岸本加世子",从没见过那么流氓的温柔，从没见过那么温柔的流氓。,375456人评价,1999/日本/剧情喜剧,菊次郎的夏天,130,8.8
"第77届奥斯卡金像奖最佳改编剧本(提名)伊桑·霍克理查德·林克莱特朱莉·德尔佩金·克里桑,第54届柏林国际电影节金熊奖最佳影片(提名)理查德·林克莱特",九年后的重逢是世俗和责任的交叠，没了悸动和青涩，沧桑而温暖。,368264人评价,2004/美国法国/剧情爱情,爱在日落黄昏时,131,8.8
"第34届韩国电影青龙奖最佳男主角(提名)河正宇,第50届百想艺术大赏电影类最佳影片(提名)金秉祐,第4届豆瓣电影鑫像奖鑫豆单元最佳男演员(外语)(提名)河正宇",恐怖分子的“秋菊打官司”。,461172人评价,2013/韩国/剧情犯罪悬疑,恐怖直播,132,8.8
,坏人的好总是比好人的好来得更感人。,187787人评价,1993/美国/剧情犯罪,完美的世界,133,9.1
"第63届金球奖电影类最佳外语片(提名),第42届台北金马影展金马奖最佳剧情片,第24届香港电影金像奖最佳电影",警恶惩奸，维护世界和平这个任务就交给你了，好吗？,695643人评价,2004/中国大陆中国香港/动作喜剧犯罪奇幻,功夫,134,8.6
第5届豆瓣电影年度榜单评分最高的纪录片,土壤没有落叶不会肥沃，没有了你就不算人生。,101515人评价,2017/日本/纪录片,人生果实,135,9.5
"第68届金球奖电影类最佳动画长片(提名),第38届动画安妮奖最佳动画长片(提名),第9届华盛顿影评人协会奖最佳动画片(提名)",Mr. I Don't Care其实也有Care的时候。,718171人评价,2010/美国法国/喜剧动画冒险,神偷奶爸,136,8.6
"第74届奥斯卡金像奖最佳动画长片(提名)约翰·拉塞特彼特·道格特,第30届动画安妮奖最佳动画长片(提名),第27届报知映画赏海外作品奖彼特·道格特",不要给它起名字，起了名字就有感情了。,470916人评价,2001/美国/儿童喜剧动画奇幻冒险,怪兽电力公司,137,8.7
"第83届奥斯卡金像奖最佳影片(提名)达拉·K·安德森,第68届金球奖电影类最佳动画长片,第34届日本电影学院奖最佳外语片(提名)",跨度十五年的欢乐与泪水。,364917人评价,2010/美国/喜剧动画奇幻冒险,玩具总动员3,138,8.8
"第78届奥斯卡金像奖最佳女主角(提名)凯拉·奈特莉,第63届金球奖电影类最佳音乐喜剧片(提名),第59届英国电影学院奖电影奖最佳英国影片(提名)埃里克·菲尔纳乔·赖特蒂姆·贝文保罗·韦伯斯特黛博拉·莫盖茨",爱是摈弃傲慢与偏见之后的曙光。,559275人评价,2005/法国英国美国/剧情爱情,傲慢与偏见,139,8.6
"第89届奥斯卡金像奖最佳影片(提名)比尔·麦克尼柯大卫·佩穆特,第74届金球奖电影类最佳剧情片(提名),第70届英国电影学院奖电影奖最佳男主角(提名)安德鲁·加菲尔德",优秀的战争片不会美化战场，不会粉饰死亡，不会矮化敌人，不会无视常识，最重要的，不会宣扬战争。,587623人评价,2016/美国澳大利亚/剧情传记历史战争,血战钢锯岭,140,8.7
,传奇的年代，醉人的童话。,153060人评价,1983(中国大陆)/中国大陆/动画奇幻,天书奇谭,141,9.2
,动画片的圣经。,284798人评价,1984/日本/动画奇幻冒险,风之谷,142,8.9
"第63届奥斯卡金像奖最佳影片(提名)弗朗西斯·福特·科波拉,第63届奥斯卡金像奖最佳导演(提名)弗朗西斯·福特·科波拉,第63届奥斯卡金像奖最佳男配角(提名)安迪·加西亚",任何信念的力量，都无法改变命运。,252400人评价,1990/美国/剧情犯罪,教父3,143,8.9
"第34届伦敦影评人协会奖年度英国爱尔兰女演员(提名)琳赛·邓肯,第1届豆瓣电影年度榜单最受关注的非院线电影(提名),第4届豆瓣电影鑫像奖鑫豆单元最佳爱情片(提名)",把每天当作最后一天般珍惜度过，积极拥抱生活，就是幸福。,402879人评价,2013/英国/喜剧爱情奇幻,时空恋旅人,144,8.7
"第76届奥斯卡金像奖最佳导演(提名)费尔南多·梅里尔斯,第60届金球奖电影类最佳外语片(提名),第56届英国电影学院奖电影奖最佳非英语片(提名)费尔南多·梅里尔斯MauricioAndradeRamosAndreaBarataRibeiro",被上帝抛弃了的上帝之城。,233608人评价,2002/巴西法国/犯罪剧情,上帝之城,145,8.9
第14届MTV电影奖MTV电影奖最佳惊恐戏表演(提名)加利·艾尔维斯,真相就在眼前。,366081人评价,2004/美国/悬疑惊悚恐怖,电锯惊魂,146,8.7
"第85届奥斯卡金像奖最佳影片(提名)斯黛西·谢尔皮拉尔·萨富隆雷吉纳·哈德林,第70届金球奖电影类最佳剧情片(提名),第37届日本电影学院奖最佳外语片(提名)",热血沸腾，那个低俗、性感的无耻混蛋又来了。,445454人评价,2012/美国/剧情动作西部冒险,被解救的姜戈,147,8.7
"第66届奥斯卡金像奖最佳外语片(提名),第43届柏林国际电影节金熊奖最佳影片李安,第30届台北金马影展金马奖最佳剧情片",中国家庭的喜怒哀乐忍。,244649人评价,1993/中国台湾美国/剧情喜剧爱情同性家庭,喜宴,148,8.9
,想你时你在闹海。,179617人评价,1979/中国大陆/冒险动画奇幻,哪吒闹海,149,9.1
"第37届韩国电影青龙奖最佳影片(提名)延尚昊,第11届亚洲电影大奖最佳男主角(提名)孔侑,第53届百想艺术大赏电影类最佳影片(提名)",揭露人性的丧尸题材力作。,829637人评价,2016/韩国/动作惊悚灾难,釜山行,150,8.5
"第29届奥斯卡金像奖黑白片最佳艺术指导和布景(提名)松山崇,第29届奥斯卡金像奖黑白片最佳服装设计(提名)木下忠司,第15届威尼斯电影节主竞赛单元金狮奖(提名)黑泽明",时代悲歌。,137195人评价,1954/日本/动作冒险剧情,七武士,151,9.2
"第23届台北金马影展金马奖最佳剧情片(提名),第23届台北金马影展金马奖最佳导演吴宇森,第6届香港电影金像奖最佳电影徐克吴宇森",英雄泪短，兄弟情长。 ,367655人评价,1986/中国香港/剧情动作犯罪,英雄本色,152,8.7
"第80届奥斯卡金像奖最佳剪辑克里斯多福·劳斯,第61届英国电影学院奖电影奖最佳英国影片(提名)托尼·吉尔罗伊PatrickCrowley斯科特·Z·本恩斯保罗·格林格拉斯弗兰克·马歇尔乔治·诺非PaulSandberg,第31届日本电影学院奖最佳外语片(提名)",像吃了苏打饼一样干脆的电影。,313902人评价,2007/美国德国/动作悬疑惊悚,谍影重重3,153,8.8
"第74届奥斯卡金像奖最佳男主角(提名)西恩·潘,第26届日本电影学院奖最佳外语片(提名)",爱并不需要智商 。,221057人评价,2001/美国/剧情家庭,我是山姆,154,8.9
"第29届香港电影金像奖最佳编剧罗启锐,第31届大众电影百花奖最佳编剧(提名)罗启锐,第14届中国电影华表奖优秀境外华裔导演奖(提名)罗启锐",岁月流逝，来日可追。,465037人评价,2010/中国香港中国大陆/剧情家庭,岁月神偷,155,8.7
"第77届奥斯卡金像奖最佳视觉效果(提名)蒂姆·伯克罗杰·盖耶特比尔·乔治约翰·理查森,第58届英国电影学院奖电影奖最佳英国影片(提名)马克·雷德克里夫大卫·海曼克里斯·哥伦布阿方索·卡隆,第12届美国电影学会奖特别表彰",不一样的导演，不一样的哈利·波特。,408939人评价,2004/英国美国/奇幻冒险,哈利·波特与阿兹卡班的囚徒,156,8.7
"第91届奥斯卡金像奖最佳视觉效果(提名)格拉迪·科菲马修·E·巴特勒罗杰·盖耶特大卫·谢克,第72届英国电影学院奖电影奖最佳特殊视觉效果(提名),第27届MTV电影奖MTV电影奖最佳吻戏(提名)泰伊·谢里丹奥利维亚·库克",写给影迷，动漫迷和游戏迷的一封情书。,1032408人评价,2018/美国/动作科幻冒险,头号玩家,157,8.7
"第11届香港电影金像奖最佳电影(提名),第11届香港电影金像奖最佳导演(提名)吴宇森,第11届香港电影金像奖最佳男主角(提名)周润发",香港浪漫主义警匪动作片的巅峰之作。,296366人评价,1991/中国香港/剧情喜剧动作犯罪,纵横四海,158,8.8
"第86届奥斯卡金像奖最佳动画长片(提名)克里斯·桑德斯柯克·德·米科克里斯汀·贝尔森,第71届金球奖电影类最佳动画长片(提名),第41届动画安妮奖最佳动画长片(提名)",老少皆宜，这就是好莱坞动画的魅力。,630464人评价,2013/美国/喜剧动画冒险,疯狂原始人,159,8.7
"第90届奥斯卡金像奖最佳影片(提名)马丁·麦克唐纳彼得·切尔宁格雷厄姆·布罗德本特,第74届威尼斯电影节主竞赛单元最佳剧本奖马丁·麦克唐纳,第75届金球奖电影类最佳剧情片",怼天怼地，你走后，她与世界为敌。,615441人评价,2017/美国英国/剧情犯罪,三块广告牌,160,8.7
"第51届台北金马影展金马奖最佳原著剧本(提名)冯元良忻钰坤,第39届香港国际电影节新秀电影竞赛火鸟大奖(提名)忻钰坤,第16届华语电影传媒大奖最佳新导演忻钰坤",荒诞讽刺，千奇百巧，抽丝剥茧，百转千回。,358677人评价,2014/中国大陆/剧情犯罪悬疑,心迷宫,161,8.7
"第89届奥斯卡金像奖最佳外语片(提名)汉内斯·赫尔姆,第29届欧洲电影奖最佳喜剧片,第21届金卫星奖电影部门最佳外语片(提名)",惠及一生的美丽。,279186人评价,2015/瑞典/剧情,一个叫欧维的男人决定去死,162,8.8
"第86届奥斯卡金像奖最佳影片(提名)罗比·布伦纳瑞秋·温特,第71届金球奖电影类剧情片最佳男主角马修·麦康纳,第8届罗马电影节最佳影片(提名)让-马克·瓦雷",Jared Leto的腿比女人还美！,329457人评价,2013/美国/剧情传记同性,达拉斯买家俱乐部,163,8.8
"第77届奥斯卡金像奖最佳男主角(提名)唐·钱德尔,第62届金球奖电影类最佳剧情片(提名),第59届英国电影学院奖电影奖最佳原创剧本(提名)凯尔·皮尔森特瑞·乔治",当这个世界闭上双眼，他却敞开了怀抱。,216120人评价,2004/英国南非意大利/剧情传记历史战争,卢旺达饭店,164,8.9
,幸福是生生不息，却难以触及的远。 ,325402人评价,1988/日本/动画剧情战争,萤火虫之墓,165,8.7
"第87届奥斯卡金像奖最佳外语片(提名)达米安·斯兹弗隆,第67届戛纳电影节主竞赛单元金棕榈奖(提名)达米安·斯兹弗隆,第69届英国电影学院奖电影奖最佳非英语片达米安·斯兹弗隆",始于荒诞，止于更荒诞。,306100人评价,2014/阿根廷西班牙/剧情喜剧犯罪,荒蛮故事,166,8.8
"第40届日本电影学院奖最佳动画片(提名),第44届动画安妮奖最佳独立动画长片(提名),第11届亚洲电影大奖最佳编剧(提名)新海诚",穿越错位的时空，仰望陨落的星辰，你没留下你的名字，我却无法忘记那句“我爱你”。,1007594人评价,2016/日本/剧情爱情动画,你的名字。,167,8.4
"第61届金球奖电影类最佳音乐喜剧片(提名),第61届金球奖电影类最佳编剧(提名)理查德·柯蒂斯,第57届英国电影学院奖电影奖最佳英国影片(提名)埃里克·菲尔纳理查德·柯蒂斯蒂姆·贝文邓肯·肯沃西",爱，是个动词。,531423人评价,2003/英国美国法国/喜剧剧情爱情,真爱至上,168,8.6
"第81届奥斯卡金像奖最佳影片克里斯蒂安·科尔森,第66届金球奖电影类最佳剧情片,第22届欧洲电影奖观众选择奖",上帝之城+猜火车+阿甘正传+开心辞典=山寨富翁,580119人评价,2008/英国/剧情爱情,贫民窟的百万富翁,169,8.6
"第53届戛纳电影节主竞赛单元金棕榈奖(提名)王家卫,第37届台北金马影展金马奖最佳剧情片(提名),第20届香港电影金像奖最佳电影(提名)",偷情本没有这样美。,417002人评价,2000/中国香港/剧情爱情,花样年华,170,8.7
"第74届奥斯卡金像奖最佳原创剧本(提名)克里斯托弗·诺兰乔纳森·诺兰,第59届金球奖电影类最佳编剧(提名)克里斯托弗·诺兰,第2届美国电影学会奖年度佳片",一个针管引发的血案。,448284人评价,2000/美国/犯罪剧情悬疑惊悚,记忆碎片,171,8.6
"第51届威尼斯电影节金奥赛拉奖最佳摄影杜可风,第31届台北金马影展金马奖最佳改编剧本(提名)王家卫,第14届香港电影金像奖最佳电影(提名)",电影诗。,442439人评价,1994/中国香港中国台湾/剧情动作爱情武侠古装,东邪西毒,172,8.6
"第87届奥斯卡金像奖最佳影片(提名)杰森·布伦戴维·兰开斯特海伦·埃斯特布鲁克,第72届金球奖电影类最佳男配角J·K·西蒙斯,第39届日本电影学院奖最佳外语片(提名)",这个世界从不善待努力的人，努力了也不一定会成功，但是知道自己在努力，就是活下去的动力。,406946人评价,2014/美国/剧情音乐,爆裂鼓手,173,8.7
"第56届英国电影学院奖电影奖最佳艺术指导(提名)斯图尔特·克莱格,第26届日本电影学院奖最佳外语片(提名),第12届美国电影学会奖特别表彰",魔法的密室之门已打开...,427992人评价,2002/美国英国德国/奇幻冒险,哈利·波特与密室,174,8.6
"第83届奥斯卡金像奖最佳影片(提名)迈克·麦达沃伊斯科特·富兰克林布赖恩·奥利弗,第67届威尼斯电影节金狮奖(提名)达伦·阿伦诺夫斯基,第68届金球奖电影类最佳剧情片(提名)",黑暗之美。,641442人评价,2010/美国/剧情惊悚,黑天鹅,175,8.6
第10届中国电影华表奖优秀译制片奖(提名),不得不说，《黑客帝国》系列是商业片与科幻、哲学完美结合的典范。,305509人评价,2003/美国澳大利亚/动作科幻,黑客帝国3：矩阵革命,176,8.8
,养狗三日，便会对你终其一生。,135332人评价,1987/日本/剧情,忠犬八公物语,177,9.2
"第87届奥斯卡金像奖最佳影片(提名)艾杜·欧斯卓斯基特迪·施瓦斯曼诺拉·格罗斯曼,第72届金球奖电影类最佳剧情片(提名),第39届多伦多国际电影节观众选择奖莫滕·泰杜姆",他给机器起名“克里斯托弗”，因为这是他初恋的名字。,441942人评价,2014/英国美国/剧情传记战争同性,模仿游戏,178,8.7
"第88届奥斯卡金像奖最佳原创剧本(提名)梅格·勒福夫彼特·道格特罗纳尔多·德尔·卡门乔什·库雷,第73届金球奖电影类最佳动画长片,第69届英国电影学院奖电影奖最佳原创剧本(提名)梅格·勒福夫彼特·道格特乔什·库雷",愿我们都不用长大，每一座城堡都能永远存在。,426279人评价,2015/美国/喜剧动画冒险,头脑特工队,179,8.7
"第34届韩国电影青龙奖最佳影片(提名),第49届百想艺术大赏电影类最佳男主角(提名)黄政民,第50届韩国电影大钟奖最佳影片(提名)",要做就做得狠一点，这样才能活下去。,242347人评价,2013/韩国/剧情犯罪,新世界,180,8.8
,好的剧本是，就算你猜到了结局也猜不到全部。,192474人评价,1997/日本/动画奇幻惊悚,未麻的部屋,181,8.9
,感情不分食草或者食肉。,252013人评价,2010/日本/剧情动画儿童,你看起来好像很好吃,182,8.9
"第61届奥斯卡金像奖最佳影片马克·约翰逊,第39届柏林国际电影节金熊奖最佳影片巴瑞·莱文森,第13届日本电影学院奖最佳外语片(提名)",生活在自己的世界里，也可以让周围的人显得可笑和渺小。,313557人评价,1988/美国/剧情,雨人,183,8.7
"第85届奥斯卡金像奖最佳动画长片(提名)瑞奇·摩尔,第70届金球奖电影类最佳动画长片(提名),第40届动画安妮奖最佳动画长片",迪士尼和皮克斯拿错剧本的产物。,389234人评价,2012/美国/喜剧动画奇幻冒险,无敌破坏王,184,8.7
"第68届戛纳电影节主竞赛单元金棕榈奖(提名)是枝裕和,第39届日本电影学院奖最佳影片,第63届圣塞巴斯蒂安国际电影节观众选择奖是枝裕和",是枝裕和的家庭习作。,290053人评价,2015/日本/剧情家庭,海街日记,185,8.8
"第75届奥斯卡金像奖最佳动画长片(提名)克里斯·韦奇,第30届动画安妮奖最佳动画长片(提名),第30届动画安妮奖最佳导演(提名)卡洛斯·沙尔丹哈克里斯·韦奇",松鼠才是角儿。,465640人评价,2002/美国/喜剧动画冒险,冰川时代,186,8.6
"第14届MTV电影奖MTV电影奖最佳女演员(提名)瑞秋·麦克亚当斯,第14届MTV电影奖MTV电影奖最佳吻戏瑞恩·高斯林瑞秋·麦克亚当斯",爱情没有那么多借口，如果不能圆满，只能说明爱的不够。 ,485102人评价,2004/美国/剧情爱情,恋恋笔记本,187,8.5
"第33届奥斯卡金像奖最佳导演(提名)阿尔弗雷德·希区柯克,第33届奥斯卡金像奖最佳女配角(提名)珍妮特·利,第18届金球奖电影类最佳女配角珍妮特·利",故事的反转与反转，分裂电影的始祖。,171021人评价,1960/美国/悬疑惊悚恐怖,惊魂记,188,9.0
"第4届豆瓣电影年度榜单评分最高的纪录片,第4届豆瓣电影年度榜单8月最受关注电影(提名)",有一些东西不应该被遗忘。,217766人评价,2015/中国大陆/纪录片,二十二,189,8.7
"第89届奥斯卡金像奖最佳影片(提名)克里斯·摩尔马特·达蒙凯文·J·沃尔什劳伦·贝克金佰利·斯图尔德,第74届金球奖电影类最佳剧情片(提名),第70届英国电影学院奖电影奖最佳影片(提名)克里斯·摩尔马特·达蒙凯文·J·沃尔什劳伦·贝克金佰利·斯图尔德",我们都有权利不与自己的过去和解。,359469人评价,2016/美国/剧情家庭,海边的曼彻斯特,190,8.6
,不要企图在重复中寻找已经失去的爱。,578609人评价,2009/英国澳大利亚/剧情悬疑惊悚,恐怖游轮,191,8.5
"第88届奥斯卡金像奖最佳影片(提名)艾德·格尼,第73届金球奖电影类最佳剧情片(提名),第69届英国电影学院奖电影奖最佳女主角布丽·拉尔森",被偷走的岁月，被伤害的生命，被禁锢的灵魂，终将被希望和善意救赎。,292822人评价,2015/爱尔兰加拿大英国美国/剧情家庭,房间,192,8.8
"第90届奥斯卡金像奖最佳化妆与发型设计(提名)阿因·图腾,第71届英国电影学院奖电影奖最佳化妆发型(提名),第61届日本电影蓝丝带奖年度十佳海外影片",世界不完美，爱会有奇迹。,424250人评价,2017/美国中国香港/剧情儿童家庭,奇迹男孩,193,8.6
,永远看不腻的喜剧。,173452人评价,1966/法国英国/喜剧战争,虎口脱险,194,8.9
第13届日本电影学院奖话题奖最具话题影片奖,宫崎骏的电影总让人感觉世界是美好的，阳光明媚的。,341711人评价,1989/日本/动画奇幻冒险,魔女宅急便,195,8.6
"第25届奥斯卡金像奖最佳女配角(提名)简·哈根,第25届奥斯卡金像奖歌舞片最佳配乐(提名)伦尼·海顿,第10届金球奖电影类最佳音乐喜剧片(提名)",骨灰级歌舞片。,151570人评价,1952/美国/喜剧歌舞爱情,雨中曲,196,9.0
"第91届奥斯卡金像奖最佳外语片(提名)是枝裕和,第71届戛纳电影节主竞赛单元金棕榈奖是枝裕和,第76届金球奖电影类最佳外语片(提名)",我们组成了家。,598841人评价,2018/日本/剧情犯罪家庭,小偷家族,197,8.7
"第43届台北金马影展金马奖最佳剧情片(提名),第26届香港电影金像奖最佳亚洲电影(提名),第29届大众电影百花奖最佳故事片(提名)",中国版《两杆大烟枪》。,585775人评价,2006/中国大陆中国香港/喜剧犯罪,疯狂的石头,198,8.5
"第72届奥斯卡金像奖最佳影片(提名)弗兰克·德拉邦特大卫·瓦尔德,第57届金球奖电影类最佳男配角(提名)迈克·克拉克·邓肯,第24届日本电影学院奖最佳外语片(提名)",天使暂时离开。,205316人评价,1999/美国/犯罪剧情奇幻悬疑,绿里奇迹,199,8.8
"第74届奥斯卡金像奖最佳视觉效果(提名)斯坦·温斯顿丹尼斯·穆伦斯科特·法勒迈克尔·兰蒂里,第59届金球奖电影类最佳导演(提名)史蒂文·斯皮尔伯格,第25届日本电影学院奖最佳外语片(提名)",对爱的执着，可以超越一切。,321999人评价,2001/美国/剧情科幻,人工智能,200,8.6
"第86届奥斯卡金像奖最佳改编剧本(提名)伊桑·霍克朱莉·德尔佩理查德·林克莱特,第71届金球奖电影类音乐喜剧片最佳女主角(提名)朱莉·德尔佩,第66届美国编剧工会奖电影奖最佳改编剧本(提名)伊桑·霍克朱莉·德尔佩理查德·林克莱特",所谓爱情，就是话唠一路，都不会心生腻烦，彼此嫌弃。,237588人评价,2013/美国希腊/剧情爱情,爱在午夜降临前,201,8.8
"第25届奥斯卡金像奖黑白片最佳艺术指导和布景(提名)松山崇松本春造,第12届威尼斯电影节主竞赛单元金狮奖黑泽明",人生的N种可能性。,223532人评价,1950/日本/剧情犯罪悬疑,罗生门,202,8.8
"第64届奥斯卡金像奖最佳摄影(提名)亚当·格林伯格,第64届奥斯卡金像奖最佳剪辑(提名)康拉德·巴夫四世马克·戈德布拉特理查德·哈里斯,第15届日本电影学院奖最佳外语片(提名)",少见的超越首部的续集，动作片中的经典。,257773人评价,1991/美国法国/动作科幻,终结者2：审判日,203,8.7
,黑小鸭速效美白记。,774587人评价,2010/泰国/剧情喜剧爱情,初恋这件小事,204,8.4
,大海啊，不全是水。,131630人评价,2009/法国瑞士西班牙美国阿联酋/纪录片,海洋,205,9.1
"第13届奥斯卡金像奖黑白片最佳摄影(提名)JosephRuttenberg,第13届奥斯卡金像奖最佳原创配乐(提名)HerbertStothart",中国式内在的美国电影。,203863人评价,1940/美国/剧情爱情战争,魂断蓝桥,206,8.8
"第41届台北金马影展金马奖最佳剧情片,第25届香港电影金像奖最佳亚洲电影陆川,第17届东京国际电影节主竞赛单元最佳影片(提名)陆川",坚硬的信仰。,213415人评价,2004/中国大陆中国香港/剧情犯罪,可可西里,207,8.8
"第41届奥斯卡金像奖最佳导演(提名)斯坦利·库布里克,第41届奥斯卡金像奖最佳原创剧本(提名)亚瑟·克拉克斯坦利·库布里克,第41届奥斯卡金像奖最佳视觉效果斯坦利·库布里克",现代科幻电影的开山之作，最伟大导演的最伟大影片。,205905人评价,1968/英国美国/科幻惊悚冒险,2001太空漫游,208,8.8
"第67届奥斯卡金像奖最佳摄影约翰·托尔,第67届奥斯卡金像奖最佳音响(提名)大卫·E·坎贝尔保罗·马瑟DouglasGantonChrisDavid,第67届奥斯卡金像奖最佳艺术指导(提名)莉莉·基尔弗特DorreeCooper",传奇，不是每个人都可以拥有。,217780人评价,1994/美国/剧情爱情战争西部,燃情岁月,209,8.8
,永远的小人物，伟大的卓别林。,92040人评价,1931/美国/喜剧剧情爱情,城市之光,210,9.3
"第30届日本电影学院奖最佳动画片,第31届报知映画赏特别奖细田守",爱上未来的你。 ,300279人评价,2006/日本/剧情爱情科幻动画,穿越时空的少女,211,8.6
"第28届台北金马影展金马奖最佳剧情片,第28届台北金马影展金马奖最佳导演(提名)杨德昌,第4届东京国际电影节主竞赛单元最佳影片(提名)杨德昌",弱者送给弱者的一刀。,188174人评价,1991/中国台湾/剧情犯罪,牯岭街少年杀人事件,212,8.8
"第64届威尼斯电影节金狮奖李安,第65届金球奖电影类最佳外语片(提名),第44届台北金马影展金马奖最佳剧情片",假戏真情，爱欲深海,496278人评价,2007/中国台湾中国大陆美国中国香港/剧情爱情情色,色，戒,213,8.5
"第29届台北金马影展金马奖最佳女主角(提名)张曼玉,第12届香港电影金像奖最佳女主角(提名)张曼玉,第1届北京大学生电影节最佳观赏效果奖",嬉笑怒骂，调风动月。,323861人评价,1992/中国香港中国大陆/动作爱情武侠古装,新龙门客栈,214,8.6
"第82届奥斯卡金像奖最佳影片(提名)劳伦斯·班德,第62届戛纳电影节主竞赛单元金棕榈奖(提名)昆汀·塔伦蒂诺,第67届金球奖电影类最佳剧情片(提名)",昆汀同学越来越变态了，比北野武还杜琪峰。,358330人评价,2009/德国美国/剧情犯罪,无耻混蛋,215,8.6
"第13届香港电影金像奖最佳美术指导(提名)雷楚雄,第13届香港电影金像奖最佳服装造型设计(提名)张叔平吴宝玲,第13届香港电影金像奖最佳原创电影音乐(提名)黄霑雷颂德",人生如此，浮生如斯。谁人言，花彼岸，此生情长意短。谁都是不懂爱的罢了。,376605人评价,1993/中国香港中国大陆/剧情爱情奇幻古装,青蛇,216,8.5
"第2届豆瓣电影鑫像奖鑫豆单元最佳影片(外语)(提名),第2届豆瓣电影鑫像奖鑫豆单元最佳导演(外语)(提名)邓肯·琼斯",邓肯·琼斯继《月球》之后再度奉献出一部精彩绝伦的科幻佳作。,614506人评价,2011/美国加拿大/科幻悬疑惊悚,源代码,217,8.4
"第3届豆瓣电影年度榜单评分最高的外语电影(提名),第3届豆瓣电影年度榜单最受关注的非院线电影(提名),第3届豆瓣电影年度榜单评分最高的欧洲电影(提名)",来啊，互相伤害啊！,408596人评价,2016/意大利/剧情喜剧,完美陌生人,218,8.5
"第28届台北金马影展金马奖最佳剧情片(提名),第28届台北金马影展金马奖最佳导演王家卫,第10届香港电影金像奖最佳电影",王家卫是一种风格，张国荣是一个代表。,366360人评价,1990/中国香港/犯罪剧情爱情,阿飞正传,219,8.5
第32届日本电影学院奖最佳外语片(提名),用剩余不多的时间，去燃烧整个生命。,274413人评价,2007/美国/冒险喜剧剧情,遗愿清单,220,8.6
"第79届奥斯卡金像奖最佳男主角(提名)莱昂纳多·迪卡普里奥,第79届奥斯卡金像奖最佳男配角(提名)杰曼·翰苏,第64届金球奖电影类剧情片最佳男主角(提名)莱昂纳多·迪卡普里奥",每个美丽事物背后都是滴血的现实。,260654人评价,2006/美国德国/剧情惊悚冒险,血钻,221,8.7
"第54届台北金马影展金马奖最佳剧情片(提名),第37届香港电影金像奖最佳两岸华语电影,第42届多伦多国际电影节亚洲电影促进联盟奖黄信尧",人们可以登上月球，却永远无法探索人们内心的宇宙。,281806人评价,2017/中国台湾/剧情喜剧,大佛普拉斯,222,8.7
"第14届MTV电影奖MTV电影奖最佳男演员(提名)马特·达蒙,第14届MTV电影奖MTV电影奖最佳动作场面(提名)",谁说王家卫镜头很晃？,264711人评价,2004/美国德国/动作悬疑惊悚,谍影重重2,223,8.7
,一个单凭体香达到高潮的男人。,426723人评价,2006/德国法国西班牙美国/剧情犯罪奇幻,香水,224,8.5
,天使保护事件始末。,153215人评价,2007/印度/剧情儿童家庭,地球上的星星,225,8.9
,做一颗让别人需要你的棋子。,265269人评价,2005/美国法国/剧情犯罪,战争之王,226,8.6
,哗啦啦啦啦，天在下雨，哗啦啦啦啦，云在哭泣……找自己。,316191人评价,2002/美国德国捷克/动作悬疑惊悚,谍影重重,227,8.6
"第88届奥斯卡金像奖最佳影片(提名)道格·米切尔乔治·米勒,第73届金球奖电影类最佳剧情片(提名),第69届英国电影学院奖电影奖最佳摄影(提名)约翰·希尔",“多么美好的一天！”轰轰轰砰咚，啪哒哒哒轰隆隆，磅~,376299人评价,2015/澳大利亚美国/动作科幻冒险,疯狂的麦克斯4：狂暴之路,228,8.6
,,398822人评价,1994/中国香港/剧情喜剧古装,九品芝麻官,229,8.5
"第32届日本电影学院奖最佳女配角(提名)树木希林,第3届亚洲电影大奖最佳导演是枝裕和,第33届报知映画赏最佳女配角树木希林",日本的家庭电影已经是世界巅峰了，步履不停是巅峰中的佳作。,186644人评价,2008/日本/剧情家庭,步履不停,230,8.8
"第24届哥谭独立电影奖独立电影人奖(提名)詹姆斯·沃德·布柯特,第1届豆瓣电影年度榜单10月最受关注电影(提名),第5届豆瓣电影鑫像奖鑫豆单元最佳影片(外语)(提名)",小成本大魅力。,370000人评价,2013/美国英国/科幻悬疑惊悚,彗星来的那一夜,231,8.5
"第69届奥斯卡金像奖最佳改编剧本(提名)约翰·霍奇,第49届英国电影学院奖电影奖最佳英国影片(提名)丹尼·博伊尔安德鲁·麦克唐纳,第49届英国电影学院奖电影奖最佳改编剧本约翰·霍奇",不可猜的青春迷笛。 ,342381人评价,1996/英国/剧情犯罪,猜火车,232,8.5
"第78届奥斯卡金像奖最佳艺术指导(提名)斯蒂芬妮·麦克米兰斯图尔特·克莱格,第59届英国电影学院奖电影奖最佳化妆发型(提名)尼克·杜德曼阿曼达·奈特恩雅·芬奈尔,第15届MTV电影奖MTV电影奖最佳银幕组合(提名)艾玛·沃森丹尼尔·雷德克里夫鲁伯特·格林特",,364118人评价,2005/英国美国/奇幻冒险,哈利·波特与火焰杯,233,8.5
"第81届奥斯卡金像奖最佳影片(提名)雷德芒德·莫瑞斯西德尼·波拉克安东尼·明格拉唐娜·吉格里奥蒂,第66届金球奖电影类最佳剧情片(提名),第22届欧洲电影奖最佳影片(提名)",当爱情跨越年龄的界限，它似乎能变得更久远一点，成为一种责任，一种水到渠成的相濡以沫。 ,373685人评价,2008/美国德国/剧情爱情,朗读者,234,8.6
"第21届欧洲电影奖观众选择奖(提名),第21届欧洲电影奖最佳男主角(提名)于尔根·福格尔",世界离独裁只有五天。,206912人评价,2008/德国/剧情惊悚,浪潮,235,8.7
"第61届印度电影观众奖最佳故事维杰耶德拉·普拉萨德,第2届豆瓣电影年度榜单评分最高的外语电影(提名),第6届豆瓣电影鑫像奖鑫豆单元最佳影片(外语)(提名)",宝莱坞的萝莉与大叔。,363503人评价,2015/印度/剧情喜剧动作,小萝莉的猴神大叔,236,8.4
"第87届奥斯卡金像奖最佳原创歌曲(提名)格雷格·亚历山大丹妮尔·布里瑟布瓦,第17届上海国际电影节金爵奖最佳影片(提名)约翰·卡尼,第1届豆瓣电影年度榜单评分最高的外语电影(提名)",爱我就给我看你的播放列表。,310332人评价,2013/美国/喜剧爱情音乐,再次出发之纽约遇见你,237,8.6
,东京那么大，如果有一天走失了，恐怕一辈子不能再相见。,93532人评价,1953/日本/剧情家庭,东京物语,238,9.2
"第17届华语电影传媒大奖最佳女主角(提名)任素汐,第17届华语电影传媒大奖最佳新演员(提名)任素汐,第3届豆瓣电影年度榜单评分最高的华语电影",过去的如果就让它过去了，未来只会越来越糟！,676566人评价,2016/中国大陆/剧情喜剧,驴得水,239,8.3
"第88届奥斯卡金像奖最佳影片迈克尔·休格史蒂夫·戈林妮可·罗克林布莱·帕冈·福斯特,第72届威尼斯电影节酷儿狮奖(提名)汤姆·麦卡锡,第73届金球奖电影类最佳剧情片(提名)",新闻人的理性求真。,212375人评价,2015/美国/剧情传记,聚焦,240,8.8
"第91届奥斯卡金像奖最佳影片(提名)格拉汉姆·金,第76届金球奖电影类最佳剧情片,第72届英国电影学院奖电影奖最佳英国影片(提名)",,419170人评价,2018/英国美国/剧情传记同性音乐,波西米亚狂想曲,241,8.7
,诺兰的牛逼来源于内心散发出的恐惧。,134620人评价,1998/英国/犯罪悬疑惊悚,追随,242,8.9
第70届奥斯卡金像奖最佳艺术指导(提名)南希·奈扬·鲁洛尔夫斯,一部能引人思考的科幻励志片。,179456人评价,1997/美国/剧情科幻惊悚,千钧一发,243,8.8
"第48届韩国电影大钟奖最佳男主角(提名)李顺载,第48届韩国电影大钟奖最佳女主角(提名)尹秀晶,第48届韩国电影大钟奖最佳女配角(提名)金秀美",你要相信，这世上真的有爱存在，不管在什么年纪 ,113090人评价,2011/韩国/剧情爱情,我爱你,244,9.0
"第84届奥斯卡金像奖最佳原创剧本(提名)阿斯哈·法哈蒂,第61届柏林国际电影节金熊奖最佳影片阿斯哈·法哈蒂,第69届金球奖电影类最佳外语片阿斯哈·法哈蒂",只有有信仰的人才能说出事实真相。,199349人评价,2011/伊朗法国/剧情家庭,一次别离,245,8.7
"第74届奥斯卡金像奖最佳导演(提名)雷德利·斯科特,第74届奥斯卡金像奖最佳摄影(提名)斯拉沃米尔·埃迪扎克,第2届美国电影学会奖年度佳片",还原真实而残酷的战争。,214169人评价,2001/美国/动作历史战争,黑鹰坠落,246,8.7
"第55届台北金马影展金马奖最佳剪辑(提名)陆庆屹周肖林郜子瑜江亦隽,第12届FIRST青年电影展竞赛最佳纪录长片陆庆屹,第6届豆瓣电影年度榜单评分最高的纪录片(提名)",来也匆匆去也匆匆，就这样风雨兼程。,121375人评价,2017/中国大陆/纪录片家庭,四个春天,247,8.9
"第34届圣丹斯电影节观众奖未来创新奖阿尼什·查甘蒂,第71届洛迦诺国际电影节VarietyPiazzaGrandeAward(提名)阿尼什·查甘蒂,第90届美国国家评论协会奖十佳独立电影",,389540人评价,2018/美国俄罗斯/剧情犯罪悬疑惊悚,网络谜踪,248,8.6
,一个精彩的世界观正在缓缓建立。,263380人评价,2003/美国澳大利亚/动作科幻,黑客帝国2：重装上阵,249,8.6
"第44届奥斯卡金像奖最佳影片(提名)斯坦利·库布里克,第44届奥斯卡金像奖最佳导演(提名)斯坦利·库布里克,第33届威尼斯电影节帕西内蒂奖最佳外国电影斯坦利·库布里克",我完全康复了。,284649人评价,1971/英国美国/犯罪剧情科幻,发条橙,250,8.6
